PROV3;Hannô;Hannô;Hannô;;;;;;;;;;;x
PROV4;Takahagi;Takahagi;Takahagi;;;;;;;;;;;x
PROV5;Gyôda;Gyôda;Gyôda;;;;;;;;;;;x
PROV6;Sodegaura;Sodegaura;Sodegaura;;;;;;;;;;;x
PROV7;Motomiya;Motomiya;Motomiya;;;;;;;;;;;x
PROV8;Higashine;Higashine;Higashine;;;;;;;;;;;x
PROV9;Torstad;Torstad;Torstad;;;;;;;;;;;x
PROV11;Odenkøping;Odenkøping;Odenkøping;;;;;;;;;;;x
PROV12;Skogen;Skogen;Skogen;;;;;;;;;;;x
PROV13;Xiazhou;Xiazhou;Xiazhou;;;;;;;;;;;x
PROV14;Dingguo;Dingguo;Dingguo;;;;;;;;;;;x
PROV15;Rongzhou;Rongzhou;Rongzhou;;;;;;;;;;;x
PROV16;Zhaoyao Shan;Zhaoyao Shan;Zhaoyao Shan;;;;;;;;;;;x
PROV17;Tangwan;Tangwan;Tangwan;;;;;;;;;;;x
PROV18;Shuanggang;Shuanggang;Shuanggang;;;;;;;;;;;x
PROV19;Yiyu;Yiyu;Yiyu;;;;;;;;;;;x
PROV20;Wenyuangu;Wenyuangu;Wenyuangu;;;;;;;;;;;x
PROV21;Xuangu;Xuangu;Xuangu;;;;;;;;;;;x
PROV22;Baizehu;Baizehu;Baizehu;;;;;;;;;;;x
PROV23;Tongcheng;Tongcheng;Tongcheng;;;;;;;;;;;x
PROV24;Huangjia;Huangjia;Huangjia;;;;;;;;;;;x
PROV25;Daqiaojing;Daqiaojing;Daqiaojing;;;;;;;;;;;x
PROV26;Luoling;Luoling;Luoling;;;;;;;;;;;x
PROV27;Dalongshan;Dalongshan;Dalongshan;;;;;;;;;;;x
PROV28;Wuheng;Wuheng;Wuheng;;;;;;;;;;;x
PROV29;Yangqiao;Yangqiao;Yangqiao;;;;;;;;;;;x
PROV30;Strømkøping;Strømkøping;Strømkøping;;;;;;;;;;;x
PROV31;Høleby;Høleby;Høleby;;;;;;;;;;;x
PROV32;Skandervik;Skandervik;Skandervik;;;;;;;;;;;x
PROV33;Daqiao;Daqiao;Daqiao;;;;;;;;;;;x
PROV34;Bergsvik;Bergsvik;Bergsvik;;;;;;;;;;;x
PROV35;Yixiu;Yixiu;Yixiu;;;;;;;;;;;x
PROV36;Gylhenvik;Gylhenvik;Gylhenvik;;;;;;;;;;;x
PROV37;Voigar;Voigar;Voigar;;;;;;;;;;;x
PROV38;Trækøping;Trækøping;Trækøping;;;;;;;;;;;x
PROV39;Rævmarkk;Rævmarkk;Rævmarkk;;;;;;;;;;;x
PROV40;Stormby;Stormby;Stormby;;;;;;;;;;;x
PROV41;Fåkerborg;Fåkerborg;Fåkerborg;;;;;;;;;;;x
PROV42;Stiureberg;Stiureberg;Stiureberg;;;;;;;;;;;x
PROV43;Mýrdalvidlillsjøn;Mýrdalvidlillsjøn;Mýrdalvidlillsjøn;;;;;;;;;;;x
PROV44;Fjellmoen;Fjellmoen;Fjellmoen;;;;;;;;;;;x
PROV45;Storø;Storø;Storø;;;;;;;;;;;x
PROV46;Nesvollberget;Nesvollberget;Nesvollberget;;;;;;;;;;;x
PROV47;Eyjafjallajøkull;Eyjafjallajøkull;Eyjafjallajøkull;;;;;;;;;;;x
PROV48;Steinberg;Steinberg;Steinberg;;;;;;;;;;;x
PROV49;Kirkjubæjarklaustur;Kirkjubæjarklaustur;Kirkjubæjarklaustur;;;;;;;;;;;x
PROV50;Sandvika;Sandvika;Sandvika;;;;;;;;;;;x
PROV51;Ruskåsen;Ruskåsen;Ruskåsen;;;;;;;;;;;x
PROV52;Olavshavn;Olavshavn;Olavshavn;;;;;;;;;;;x
PROV53;Segerkrantz;Segerkrantz;Segerkrantz;;;;;;;;;;;x
PROV54;Løten;Løten;Løten;;;;;;;;;;;x
PROV55;Løfby;Løfby;Løfby;;;;;;;;;;;x
PROV56;Bystierna;Bystierna;Bystierna;;;;;;;;;;;x
PROV57;Sparrebark;Sparrebark;Sparrebark;;;;;;;;;;;x
PROV58;Frederikstad;Frederikstad;Frederikstad;;;;;;;;;;;x
PROV59;Igeltræsk;Igeltræsk;Igeltræsk;;;;;;;;;;;x
PROV60;Kalmarsborg;Kalmarsborg;Kalmarsborg;;;;;;;;;;;x
PROV61;Dahlborg;Dahlborg;Dahlborg;;;;;;;;;;;x
PROV62;Blodvik;Blodvik;Blodvik;;;;;;;;;;;x
PROV63;Lillkøping;Lillkøping;Lillkøping;;;;;;;;;;;x
PROV64;Norrby;Norrby;Norrby;;;;;;;;;;;x
PROV65;Erikshavn;Erikshavn;Erikshavn;;;;;;;;;;;x
PROV66;Kusbøle;Kusbøle;Kusbøle;;;;;;;;;;;x
PROV67;Bååthamn;Bååthamn;Bååthamn;;;;;;;;;;;x
PROV68;Ny Aarhus;Ny Aarhus;Ny Aarhus;;;;;;;;;;;x
PROV69;Christiansborg;Christiansborg;Christiansborg;;;;;;;;;;;x
PROV70;Ø;Ø;Ø;;;;;;;;;;;x
PROV71;Frælsarborg;Frælsarborg;Frælsarborg;;;;;;;;;;;x
PROV72;Ny Jelling;Ny Jelling;Ny Jelling;;;;;;;;;;;x
PROV73;Olavsstad;Olavsstad;Olavsstad;;;;;;;;;;;x
PROV74;Holmeborg;Holmeborg;Holmeborg;;;;;;;;;;;x
PROV75;Bjørkvik;Bjørkvik;Bjørkvik;;;;;;;;;;;x
PROV76;Scheffergård;Scheffergård;Scheffergård;;;;;;;;;;;x
PROV77;Søholm;Søholm;Søholm;;;;;;;;;;;x
PROV78;Xiaosu;Xiaosu;Xiaosu;;;;;;;;;;;x
PROV79;Huazhong;Huazhong;Huazhong;;;;;;;;;;;x
PROV81;Qizhou;Qizhou;Qizhou;;;;;;;;;;;x
PROV82;Ruilin;Ruilin;Ruilin;;;;;;;;;;;x
PROV83;Rui'an;Rui'an;Rui'an;;;;;;;;;;;x
PROV84;Sanbao;Sanbao;Sanbao;;;;;;;;;;;x
PROV85;Xingye;Xingye;Xingye;;;;;;;;;;;x
PROV86;Dongji Shan;Dongji Shan;Dongji Shan;;;;;;;;;;;x
PROV87;Donghai;Donghai;Donghai;;;;;;;;;;;x
PROV88;Jilinyutian Shan;Jilinyutian Shan;Jilinyutian Shan;;;;;;;;;;;x
PROV89;Yongle;Yongle;Yongle;;;;;;;;;;;x
PROV90;Porto Novo;Porto Novo;Porto Novo;;;;;;;;;;;x
PROV91;Menzhou;Menzhou;Menzhou;;;;;;;;;;;x
PROV92;Yingjiang;Yingjiang;Yingjiang;;;;;;;;;;;x
PROV93;Xinzhou;Xinzhou;Xinzhou;;;;;;;;;;;x
PROV94;Zhendongfu;Zhendongfu;Zhendongfu;;;;;;;;;;;x
PROV95;Dahuang;Dahuang;Dahuang;;;;;;;;;;;x
PROV96;Qingma;Qingma;Qingma;;;;;;;;;;;x
PROV97;Jianshe;Jianshe;Jianshe;;;;;;;;;;;x
PROV98;Yicheng;Yicheng;Yicheng;;;;;;;;;;;x
PROV99;Xinhe;Xinhe;Xinhe;;;;;;;;;;;x
PROV100;Fortaleza;Fortaleza;Fortaleza;;;;;;;;;;;x
PROV101;Serra Vermelha;Serra Vermelha;Serra Vermelha;;;;;;;;;;;x
PROV102;São Nicolas;São Nicolas;São Nicolas;;;;;;;;;;;x
PROV103;Daguan;Daguan;Daguan;;;;;;;;;;;x
PROV104;Belo Horizonte;Belo Horizonte;Belo Horizonte;;;;;;;;;;;x
PROV105;Cruz;Cruz;Cruz;;;;;;;;;;;x
PROV106;Yulin;Yulin;Yulin;;;;;;;;;;;x
PROV107;Dekuan;Dekuan;Dekuan;;;;;;;;;;;x
PROV108;Longshiqiao;Longshiqiao;Longshiqiao;;;;;;;;;;;x
PROV109;Laofeng;Laofeng;Laofeng;;;;;;;;;;;x
PROV110;Longshan;Longshan;Longshan;;;;;;;;;;;x
PROV111;Changfeng;Changfeng;Changfeng;;;;;;;;;;;x
PROV112;Jixuan;Jixuan;Jixuan;;;;;;;;;;;x
PROV113;Huaxiang;Huaxiang;Huaxiang;;;;;;;;;;;x
PROV114;Haikou;Haikou;Haikou;;;;;;;;;;;x
PROV115;Linghu;Linghu;Linghu;;;;;;;;;;;x
PROV116;Shihua;Shihua;Shihua;;;;;;;;;;;x
PROV117;Slottsholme;Slottsholme;Slottsholme;;;;;;;;;;;x
PROV118;Kvarneby;Kvarneby;Kvarneby;;;;;;;;;;;x
PROV119;Drøsund;Drøsund;Drøsund;;;;;;;;;;;x
PROV120;Chutes-Sioux;Chutes-Sioux;Chutes-Sioux;;;;;;;;;;;x
PROV121;Collines Noires;Collines Noires;Collines Noires;;;;;;;;;;;x
PROV122;Grandes Plaines;Grandes Plaines;Grandes Plaines;;;;;;;;;;;x
PROV123;Renault;Renault;Renault;;;;;;;;;;;x
PROV124;Panimaha;Panimaha;Panimaha;;;;;;;;;;;x
PROV125;Sauque;Sauque;Sauque;;;;;;;;;;;x
PROV126;Cavagnial;Cavagnial;Cavagnial;;;;;;;;;;;x
PROV127;Bergerac;Bergerac;Bergerac;;;;;;;;;;;x
PROV128;Nouveau Lancastre;Nouveau Lancastre;Nouveau Lancastre;;;;;;;;;;;x
PROV129;Saint Georges;Saint Georges;Saint Georges;;;;;;;;;;;x
PROV130;Tahlecua;Tahlecua;Tahlecua;;;;;;;;;;;x
PROV131;Plaisance;Plaisance;Plaisance;;;;;;;;;;;x
PROV132;São Salvador;São Salvador;São Salvador;;;;;;;;;;;x
PROV133;Porto Seguro;Porto Seguro;Porto Seguro;;;;;;;;;;;x
PROV134;Joquicingo;Joquicingo;Joquicingo;;;;;;;;;;;x
PROV135;Campo Largo;Campo Largo;Campo Largo;;;;;;;;;;;x
PROV136;Feira de Santana;Feira de Santana;Feira de Santana;;;;;;;;;;;x
PROV137;Nova Lisboa;Nova Lisboa;Nova Lisboa;;;;;;;;;;;x
PROV138;Natal;Natal;Natal;;;;;;;;;;;x
PROV139;Nouvelle Orléans;Nouvelle Orléans;Nouvelle Orléans;;;;;;;;;;;x
PROV140;Bâton-Rouge;Bâton-Rouge;Bâton-Rouge;;;;;;;;;;;x
PROV141;Lac Henri;Lac Henri;Lac Henri;;;;;;;;;;;x
PROV142;Brucourt;Brucourt;Brucourt;;;;;;;;;;;x
PROV143;Trois-Rivières;Trois-Rivières;Trois-Rivières;;;;;;;;;;;x
PROV144;Sources Chaudes;Sources Chaudes;Sources Chaudes;;;;;;;;;;;x
PROV145;Aux Arcs;Aux Arcs;Aux Arcs;;;;;;;;;;;x
PROV146;Saint-Martin;Saint-Martin;Saint-Martin;;;;;;;;;;;x
PROV147;Arundell;Arundell;Arundell;;;;;;;;;;;x
PROV148;La Galette;La Galette;La Galette;;;;;;;;;;;x
PROV149;Havant;Havant;Havant;;;;;;;;;;;x
PROV150;Fort Plymville;Fort Plymville;Fort Plymville;;;;;;;;;;;x
PROV151;Sabine;Sabine;Sabine;;;;;;;;;;;x
PROV152;Rinard;Rinard;Rinard;;;;;;;;;;;x
PROV153;Duprat;Duprat;Duprat;;;;;;;;;;;x
PROV154;Fauxe;Fauxe;Fauxe;;;;;;;;;;;x
PROV155;Hólarbórgh;Hólarbórgh;Hólarbórgh;;;;;;;;;;;x
PROV156;Sauque;Sauque;Sauque;;;;;;;;;;;x
PROV157;Askjavidrøijfjórd;Askjavidrøijfjórd;Askjavidrøijfjórd;;;;;;;;;;;x
PROV158;Jernberg;Jernberg;Jernberg;;;;;;;;;;;x
PROV160;Åsgårdsala;Åsgårdsala;Åsgårdsala;;;;;;;;;;;x
PROV161;Varaldskogen;Varaldskogen;Varaldskogen;;;;;;;;;;;x
PROV162;Ramsøya;Ramsøya;Ramsøya;;;;;;;;;;;x
PROV163;Tobøl;Tobøl;Tobøl;;;;;;;;;;;x
PROV164;Rabbkjølgrenda;Rabbkjølgrenda;Rabbkjølgrenda;;;;;;;;;;;x
PROV165;Telneset;Telneset;Telneset;;;;;;;;;;;x
PROV166;Fort Crèvecœur;Fort Crèvecœur;Fort Crèvecœur;;;;;;;;;;;x
PROV167;Cornouailles;Cornouailles;Cornouailles;;;;;;;;;;;x
PROV168;Ascension;Ascension;Ascension;;;;;;;;;;;x
PROV169;Vermundsjøen;Vermundsjøen;Vermundsjøen;;;;;;;;;;;x
PROV170;Douvres;Douvres;Douvres;;;;;;;;;;;x
PROV171;Åsmarka;Åsmarka;Åsmarka;;;;;;;;;;;x
PROV172;Trautskogen;Trautskogen;Trautskogen;;;;;;;;;;;x
PROV173;Lonåsmoen;Lonåsmoen;Lonåsmoen;;;;;;;;;;;x
PROV174;Osmoen;Osmoen;Osmoen;;;;;;;;;;;x
PROV176;Odals Verk;Odals Verk;Odals Verk;;;;;;;;;;;x
PROV177;Ottestad;Ottestad;Ottestad;;;;;;;;;;;x
PROV178;Nye Nidaros;Nye Nidaros;Nye Nidaros;;;;;;;;;;;x
PROV179;Skivik;Skivik;Skivik;;;;;;;;;;;x
PROV180;Skjøldby;Skjøldby;Skjøldby;;;;;;;;;;;x
PROV181;Strømberg;Strømberg;Strømberg;;;;;;;;;;;x
PROV182;Låkkness;Låkkness;Låkkness;;;;;;;;;;;x
PROV183;La Biche;La Biche;La Biche;;;;;;;;;;;x
PROV184;Antrim;Antrim;Antrim;;;;;;;;;;;x
PROV185;Colbert;Colbert;Colbert;;;;;;;;;;;x
PROV186;Fort Clara;Fort Clara;Fort Clara;;;;;;;;;;;x
PROV187;Paducha;Paducha;Paducha;;;;;;;;;;;x
PROV188;Arlette;Arlette;Arlette;;;;;;;;;;;x
PROV189;Richelieu;Richelieu;Richelieu;;;;;;;;;;;x
PROV190;Bois Rouvray;Bois Rouvray;Bois Rouvray;;;;;;;;;;;x
PROV191;Versailles;Versailles;Versailles;;;;;;;;;;;x
PROV192;Rosalie;Rosalie;Rosalie;;;;;;;;;;;x
PROV193;Branville;Branville;Branville;;;;;;;;;;;x
PROV194;Bilocci;Bilocci;Bilocci;;;;;;;;;;;x
PROV195;Fort Toulouse;Fort Toulouse;Fort Toulouse;;;;;;;;;;;x
PROV196;Blois;Blois;Blois;;;;;;;;;;;x
PROV197;Mobile;Mobile;Mobile;;;;;;;;;;;x
PROV198;Talahasi;Talahasi;Talahasi;;;;;;;;;;;x
PROV199;Porto Dandolo;Porto Dandolo;Porto Dandolo;;Porto Dandolo;;;;;;;;;x;;;;
PROV200;Rialto;Rialto;Rialto;;Rialto;;;;;;;;;x;;;;
PROV201;Fort Verwood;Fort Verwood;Fort Verwood;;;;;;;;;;;x
PROV202;Argentan;Argentan;Argentan;;;;;;;;;;;x
PROV204;Nouvelle-Angoulême;Nouvelle-Angoulême;Nouvelle-Angoulême;;;;;;;;;;;x
PROV205;Port-Royal;Port-Royal;Port-Royal;;;;;;;;;;;x
PROV206;Résurrection;Résurrection;Résurrection;;;;;;;;;;;x
PROV207;Ste Eleanor;Ste Eleanor;Ste Eleanor;;;;;;;;;;;x
PROV208;Tiverton;Tiverton;Tiverton;;;;;;;;;;;x
PROV209;Richardville;Richardville;Richardville;;;;;;;;;;;x
PROV210;Bourg-du-Roi;Bourg-du-Roi;Bourg-du-Roi;;;;;;;;;;;x
PROV211;Villefranche;Villefranche;Villefranche;;;;;;;;;;;x
PROV212;Pont Vedrin;Pont Vedrin;Pont Vedrin;;;;;;;;;;;x
PROV213;Cap Morlanwelz;Cap Morlanwelz;Cap Morlanwelz;;;;;;;;;;;x
PROV214;Vierset;Vierset;Vierset;;;;;;;;;;;x
PROV215;Mont Mouscron;Mont Mouscron;Mont Mouscron;;;;;;;;;;;x
PROV216;Roanoqué;Roanoqué;Roanoqué;;;;;;;;;;;x
PROV217;Metz;Metz;Metz;;;;;;;;;;;x
PROV218;Brittas;Brittas;Brittas;;;;;;;;;;;x
PROV219;Cap Valois;Cap Valois;Cap Valois;;;;;;;;;;;x
PROV220;Bruxelles-Atlantique;Bruxelles-Atlantique;Bruxelles-Atlantique;;;;;;;;;;;x
PROV221;Alzing;Alzing;Alzing;;;;;;;;;;;x
PROV222;Bourg-Leblois;Bourg-Leblois;Bourg-Leblois;;;;;;;;;;;x
PROV223;Bourg-George;Bourg-George;Bourg-George;;;;;;;;;;;x
PROV224;Nouvelle Anvers;Nouvelle Anvers;Nouvelle Anvers;;;;;;;;;;;x
PROV225;Sinaï;Sinaï;Sinaï;;;;;;;;;;;x
PROV226;Waldwisse;Waldwisse;Waldwisse;;;;;;;;;;;x
PROV227;Haselbourg;Haselbourg;Haselbourg;;;;;;;;;;;x
PROV228;Port Laurent;Port Laurent;Port Laurent;;;;;;;;;;;x
PROV229;Maline;Maline;Maline;;;;;;;;;;;x
PROV230;Luther;Luther;Luther;;;;;;;;;;;x
PROV231;Port Clair;Port Clair;Port Clair;;;;;;;;;;;x
PROV232;Port Valois;Port Valois;Port Valois;;;;;;;;;;;x
PROV233;Nouvelle Bruges;Nouvelle Bruges;Nouvelle Bruges;;;;;;;;;;;x
PROV234;Deux-Sources;Deux-Sources;Deux-Sources;;;;;;;;;;;x
PROV235;Blegny;Blegny;Blegny;;;;;;;;;;;x
PROV236;Roi-Charles;Roi-Charles;Roi-Charles;;;;;;;;;;;x
PROV237;Rousseau;Rousseau;Rousseau;;;;;;;;;;;x
PROV238;Nijverdal;Nijverdal;Nijverdal;;;;;;;;;;;x
PROV239;Rochefort-en-Terre;Rochefort-en-Terre;Rochefort-en-Terre;;;;;;;;;;;x
PROV240;Genève;Genève;Genève;;;;;;;;;;;x
PROV241;Saint-Benoît-du-Sault;Saint-Benoît-du-Sault;Saint-Benoît-du-Sault;;;;;;;;;;;x
PROV241;Espérance;Espérance;Espérance;;;;;;;;;;;x
PROV242;Visé;Visé;Visé;;;;;;;;;;;x
PROV243;Philippa;Philippa;Philippa;;;;;;;;;;;x
PROV244;Cap Bon;Cap Bon;Cap Bon;;;;;;;;;;;x
PROV245;Ville Louis;Ville Louis;Ville Louis;;;;;;;;;;;x
PROV246;Mont Rouge;Mont Rouge;Mont Rouge;;;;;;;;;;;x
PROV247;Binche;Binche;Binche;;;;;;;;;;;x
PROV248;Hamina;Hamina;Hamina;;;;;;;;;;;x
PROV249;Væstersund;Væstersund;Væstersund;;;;;;;;;;;x
PROV250;Markby;Markby;Markby;;;;;;;;;;;x
PROV273;Caerdydd;Caerdydd;Caerdydd;;;;;;;;;;;x
PROV274;Aberteifi;Aberteifi;Aberteifi;;;;;;;;;;;x
PROV276;Caergybi;Caergybi;Caergybi;;;;;;;;;;;x
PROV277;Livreport;Livreport;Livreport;;;;;;;;;;;x
PROV278;Mamcestre;Mamcestre;Mamcestre;;;;;;;;;;;x
PROV280;Neufchâtel-sur-Tyne;Neufchâtel-sur-Tyne;Neufchâtel-sur-Tyne;;;;;;;;;;;x
PROV281;York;York;York;;;;;;;;;;;x
PROV282;Loinèr;Loinèr;Loinèr;;;;;;;;;;;x
PROV283;Chef-des-Champs;Chef-des-Champs;Chef-des-Champs;;;;;;;;;;;x
PROV285;Cestre;Cestre;Cestre;;;;;;;;;;;x
PROV286;Amwythig;Amwythig;Amwythig;;;;;;;;;;;x
PROV288;Notinville;Notinville;Nottinville;;;;;;;;;;;x
PROV289;Leicestre;Leicestre;Leicestre;;;;;;;;;;;x
PROV290;Lindre;Lindre;Lindre;;;;;;;;;;;x
PROV297;Seresbery;Seresbery;Seresbery;;;;;;;;;;;x
PROV299;Plymville;Plymville;Plymville;;;;;;;;;;;x
PROV300;Londres;Londres;Londres;;;;;;;;;;;x
PROV301;Cantorbéry;Cantorbéry;Cantorbéry;;;;;;;;;;;x
PROV303;Hantone;Hantone;Hantone;;;;;;;;;;;x
PROV304;Île de Man;Île de Man;Île de Man;;;;;;;;;;;x
PROV390;Anvers;Anvers;Anvers;;;;;;;;;;;x
PROV400;Calais;Calais;Calais;;;;;;;;;;;x
PROV464;Perpinyà;Perpinyà;Perpinyà;;;;;;;;;;;x
PROV465;Annecy;Annecy;Annecy
PROV466;Ciamberì;Ciamberì;Ciamberì
PROV467;Marselha;Marselha;Marselha
PROV468;Avinhon;Avinhon;Avinhon
PROV469;Dinha;Dinha;Dinha
PROV470;Tolon;Tolon;Tolon
PROV471;Frejús;Frejús;Frejús;;;;;;;;;;;x
PROV472;Nizza;Nizza;Nizza;;;;;;;;;;;x
PROV473;Còrsega;Còrsega;Còrsega;;;;;;;;;;;x
PROV474;La Coruna;La Coruna;La Coruna;;;;;;;;;;;x
PROV475;Oviedo;Oviedo;Oviedo;;;;;;;;;;;x
PROV476;Vigo;Vigo;Vigo;;;;;;;;;;;x
PROV477;León;León;León;;;;;;;;;;;x
PROV478;Santander;Santander;Santander;;;;;;;;;;;x
PROV479;Burgos;Burgos;Burgos;;;;;;;;;;;x
PROV480;Valladolid;Valladolid;Valladolid;;;;;;;;;;;x
PROV481;Soria;Soria;Soria;;;;;;;;;;;x
PROV482;Salamanca;Salamanca;Salamanca;;;;;;;;;;;x
PROV483;Ávila;Ávila;Ávila;;;;;;;;;;;x
PROV484;Badajoz;Badajoz;Badajoz;;;;;;;;;;;x
PROV485;Almendralejo;Almendralejo;Almendralejo;;;;;;;;;;;x
PROV486;Cáceres;Cáceres;Cáceres;;;;;;;;;;;x
PROV487;Madrid;Madrid;Madrid;;;;;;;;;;;x
PROV488;Sigüenza;Sigüenza;Sigüenza;;;;;;;;;;;x
PROV489;Toledo;Toledo;Toledo;;;;;;;;;;;x
PROV490;Cuenca;Cuenca;Cuenca;;;;;;;;;;;x
PROV491;Ciudad Real;Ciudad Real;Ciudad Real;;;;;;;;;;;x
PROV492;Bilbo;Bilbo;Bilbo;;;;;;;;;;;x
PROV493;Iruña;Iruña;Iruña;;;;;;;;;;;x
PROV494;Lugruñu;Lugruñu;Lugruñu;;;;;;;;;;;x
PROV495;Saragossa;Saragossa;Saragossa;;;;;;;;;;;x
PROV496;Osca;Osca;Osca;;;;;;;;;;;x
PROV497;Terol;Terol;Terol;;;;;;;;;;;x
PROV498;Barcelona;Barcelona;Barcelona;;;;;;;;;;;x
PROV499;Girona;Girona;Girona;;;;;;;;;;;x
PROV500;Lleida;Lleida;Lleida;;;;;;;;;;;x
PROV501;Tarragona;Tarragona;Tarragona;;;;;;;;;;;x
PROV502;Illes Balears;Illes Balears;Illes Balears;;;;;;;;;;;x
PROV503;València;València;València;;;;;;;;;;;x
PROV504;Castelló;Castelló;Castelló;;;;;;;;;;;x
PROV505;Alacant;Alacant;Alacant;;;;;;;;;;;x
PROV507;Murcia;Murcia;Murcia;;;;;;;;;;;x
PROV508;Albacete;Albacete;Albacete;;;;;;;;;;;x
PROV509;Sevilla;Sevilla;Sevilla;;;;;;;;;;;x
PROV510;Córdoba;Córdoba;Córdoba;;;;;;;;;;;x
PROV511;Huelva;Huelva;Huelva;;;;;;;;;;;x
PROV512;Cádiz;Cádiz;Cádiz;;;;;;;;;;;x
PROV513;Granada;Granada;Granada;;;;;;;;;;;x
PROV514;Málaga;Málaga;Málaga;;;;;;;;;;;x
PROV515;Almería;Almería;Almería;;;;;;;;;;;x
PROV516;Jaén;Jaén;Jaén;;;;;;;;;;;x
PROV517;Gibraltar;Gibraltar;Gibraltar;;;;;;;;;;;x
PROV518;Oporto;Oporto;Oporto;;;;;;;;;;;x
PROV519;Vila Real;Vila Real;Vila Real;;;;;;;;;;;x
PROV520;Covilha;Covilha;Covilha;;;;;;;;;;;x
PROV521;Lisboa;Lisboa;Lisboa;;;;;;;;;;;x
PROV522;Coimbra;Coimbra;Coimbra;;;;;;;;;;;x
PROV523;Abrantes;Abrantes;Abrantes;;;;;;;;;;;x
PROV524;Setubal;Setubal;Setubal;;;;;;;;;;;x
PROV525;Evora;Evora;Evora;;;;;;;;;;;x
PROV526;Beja;Beja;Beja;;;;;;;;;;;x
PROV527;Faro;Faro;Faro;;;;;;;;;;;x
PROV686;Kiritimati;Kiritimati;Kiritimati;;;;;;;;;;;x
PROV754;Nàpols;Nàpols;Nàpols;;;;;;;;;;;x
PROV765;Càller;Càller;Càller;;;;;;;;;;;x
PROV766;Sàsser;Sàsser;Sàsser;;;;;;;;;;;x
PROV860;Constantinople;Constantinople;Constantinople;;;;;;;;;;;x
PROV950;Uzgorod;Uzgorod;Uzgorod;;;;;;;;;;;x
PROV994;Nyenschantz;;;;;;;;;;;;;x
PROV1058;Miass;Miass;Miass;;;;;;;;;;;x
PROV1059;Iset;Iset;Iset;;;;;;;;;;;x
PROV1061;Tyumen;Tyumen;Tyumen;;;;;;;;;;;x
PROV1062;Khanty;Khanty;Khanty;;;;;;;;;;;x
PROV1063;Chuldum;Chuldum;Chuldum;;;;;;;;;;;x
PROV1064;Yadegar;Yadegar;Yadegar;;;;;;;;;;;x
PROV1065;Taz;Taz;Taz;;;;;;;;;;;x
PROV1066;Qashliq;Qashliq;Qashliq;;;;;;;;;;;x
PROV1069;Yilehuli;Yilehuli;Yilehuli;;;;;;;;;;;x
PROV1070;Chuvash;Chuvash;Chuvash;;;;;;;;;;;x
PROV1071;Yakuts;Yakuts;Yakuts;;;;;;;;;;;x
PROV1072;Nivkh;Nivkh;Nivkh;;;;;;;;;;;x
PROV1074;Dembei;Dembei;Dembei;;;;;;;;;;;x
PROV1075;Buryat;Buryat;Buryat;;;;;;;;;;;x
PROV1076;Tofalar;Tofalar;Tofalar;;;;;;;;;;;x
PROV1077;Kyzyl;Kyzyl;Kyzyl;;;;;;;;;;;x
PROV1079;Ust-Urda;Ust-Urda;Ust-Urda;;;;;;;;;;;x
PROV1082;Haishenwai;Haishenwai;Haishenwai;;;;;;;;;;;x
PROV1097;Kanaky;Kanaky;Kanaky;;;;;;;;;;;x
PROV1187;Semeï;Semeï;Semeï;;;;;;;;;;;x
PROV1235;Kangra;Kangra;Kangra;;;;;;;;;;;x
PROV1251;Rajbalhat;Rajbalhat;Rajbalhat;;;;;;;;;;;x
PROV1271;Dhar;Dhar;Dhar;;;;;;;;;;;x
PROV1293;Osthavn;Osthavn;Osthavn;;;;;;;;;;;x
PROV1321;St. Élisabeth;St. Élisabeth;St. Élisabeth;;;;;;;;;;;x
PROV1325;Maaldiberne;Maaldiberne;Maaldiberne;;;;;;;;;;;x
PROV1366;Ankgor;Ankgor;Ankgor;;;;;;;;;;;x
PROV1380;Prey Nokor;Prey Nokor;Prey Nokor;;;;;;;;;;;x
PROV1435;Pallo;Pallo;Pallo;;;;;;;;;;;x
PROV1439;Lorrvåk;Lorrvåk;Lorrvåk;;;;;;;;;;;x
PROV1444;Bellevue;Bellevue;Bellevue;;;;;;;;;;;x
PROV1445;Kupang;Kupang;Kupang;;;;;;;;;;;x
PROV1446;Fort St. James;Fort St. James;Fort St. James;;;;;;;;;;;x
PROV1447;Tærnettern;Tærnettern;Tærnettern;;;;;;;;;;;x
PROV1448;Gjilålle;Gjilålle;Gjilålle;;;;;;;;;;;x
PROV1449;Annbom;Annbom;Annbom;;;;;;;;;;;x
PROV1450;Kjerram;Kjerram;Kjerram;;;;;;;;;;;x
PROV1451;Neu-Windau;Neu-Windau;Neu-Windau;;;;;;;;;;;x
PROV1455;Xinbu;Xinbu;Xinbu;;;;;;;;;;;x
PROV1456;Weigan;Weigan;Weigan;;;;;;;;;;;x
PROV1457;Liyashibi;Liyashibi;Liyashibi;;;;;;;;;;;x
PROV1458;Xiang Qundao;Xiang Qundao;Xiang Qundao;;;;;;;;;;;x
PROV1462;Sambånger;Sambånger;Sambånger;;;;;;;;;;;x
PROV1463;Davå;Davå;Davå;;;;;;;;;;;x
PROV1469;Tannu Tuva;Tannu Tuva;Tannu Tuva;;;;;;;;;;;x
PROV1481;Dalian;Dalian;Dalian;;;;;;;;;;;x
PROV1531;Kaiveng;Kaiveng;Kaivemg;;;;;;;;;;;x
PROV1695;Santa Cruz;Santa Cruz;Santa Cruz;;;;;;;;;;;x
PROV1700;Alger;Alger;Alger;;;;;;;;;;;x
PROV1701;Bugia;Bugia;Bugia;;;;;;;;;;;x
PROV1704;Dos lleons;Dos Lleons;Dos Lleons;;;;;;;;;;;x
PROV1705;Tremissèn;Tremissèn;Tremissèn;;;;;;;;;;;x
PROV1725;Cartago;Cartago;Cartago;;;;;;;;;;;x
PROV1783;Dakar;Dakar;Dakar;;;;;;;;;;;x
PROV1784;San Marco;San Marco;San Marco;;;;;;;;;;;x
PROV1876;Cap Vert;Cap Vert;Cap Vert;;;;;;;;;;;x
PROV1884;Port Léonin;Port Léonin;Port Léonin;;;;;;;;;;;x
PROV1887;Saint Jean;Saint Jean;Saint Jean;;;;;;;;;;;x
PROV1888;Leblois;Leblois;Leblois;;;;;;;;;;;x
PROV1892;Bandama;Bandama;Bandama;;;;;;;;;;;x
PROV1907;Fredensborg;Fredensborg;Fredensborg;;;;;;;;;;;x
PROV1908;Prinsensten;Prinsensten;Prinsensten;;;;;;;;;;;x
PROV1909;Christiansborg;Christiansborg;Christiansborg;;;;;;;;;;;x
PROV1923;Eko;Eko;Eko;;;;;;;;;;;x
PROV1932;Ubani;Ubani;Ubani;;;;;;;;;;;x
PROV1972;Mpongwe;Mpongwe;Mpongwe;;;;;;;;;;;x
PROV1999;Christianborg;Christianborg;Christianborg;;;;;;;;;;;x
PROV2000;Ngoyo;Ngoyo;Ngoyo;;;;;;;;;;;x
PROV2001;Embaza;Embaza;Embaza;;;;;;;;;;;x
PROV2002;Bartolomé Díaz;Bartolomé Díaz;Bartolomé Díaz;;;;;;;;;;;x
PROV2003;Augustaborg;Augustaborg;Augustaborg;;;;;;;;;;;x
PROV2004;Vestpost;Vestpost;Vestpost;;;;;;;;;;;x
PROV2036;São Pedro;São Pedro;São Pedro;;;;;;;;;;;x
PROV2037;Tanga;Tanga;Tanga;;;;;;;;;;;x
PROV2049;Nieuwe Antwerpen;Nieuwe Antwerpen;Nieuwe Antwerpen;;;;;;;;;;;x
PROV2051;Ostpost;Ostpost;Ostpost;;;;;;;;;;;x
PROV2057;Gundersborg;Gundersborg;Gundersborg;;;;;;;;;;;x
PROV2059;Danborg;Danborg;Danborg;;;;;;;;;;;x
PROV2060;Nacala;Nacala;Nacala;;;;;;;;;;;x
PROV2061;Karlsten;Karlsten;Karlsten;;;;;;;;;;;x
PROV2083;Kuiseb Bay;Kuiseb Bay;Kuiseb Bay;;;;;;;;;;;x
PROV2086;Oshiwambo;Oshiwambo;Oshiwambo;;;;;;;;;;;x
PROV2087;Ville du Cap;Ville du Cap;Ville du Cap;;;;;;;;;;;x
PROV2088;Hoornehove;Hoornehove;Hoornehove;;;;;;;;;;;x
PROV2089;Heckseberge ;Heckseberge ;Heckseberge ;;;;;;;;;;;x
PROV2090;Swellendam;Swellendam;Swellendam;;;;;;;;;;;x
PROV2091;Mossel Baai;Mossel Baai;Mossel Baai;;;;;;;;;;;x
PROV2092;Rijssenfoort;Rijssenfoort;Rijssenfoort;;;;;;;;;;;x
PROV2093;Calvijnsdorp;Calvijnsdorp;Calvijnsdorp;;;;;;;;;;;x
PROV2094;Kolesberg;Kolesberg;Kolesberg;;;;;;;;;;;x
PROV2096;Ylnerdam;Ylnerdam;Ylnerdam;;;;;;;;;;;x
PROV2098;Bufelsdorp;Bufelsdorp;Bufelsdorp;;;;;;;;;;;x
PROV2099;Vlaasum;Vlaasum;Vlaasum;;;;;;;;;;;x
PROV2100;Reimerdam;Reimerdam;Reimerdam;;;;;;;;;;;x
PROV2103;Philipsdorp;Philipsdorp;Philipsdorp;;;;;;;;;;;x
PROV2111;eThekwini;eThekwini;eThekwini;;;;;;;;;;;x
PROV2112;Uthukela;Uthukela;Uthukela;;;;;;;;;;;x
PROV2125;Dom Sebastião;Dom Sebastião;Dom Sebastião;;;;;;;;;;;x
PROV2127;Veihavn;Veihavn;Veihavn;;;;;;;;;;;x
PROV2128;Deusen;Deusen;Deusen;;;;;;;;;;;x
PROV2129;Ile Royale;Ile Royale;Ile Royale;;;;;;;;;;;x
PROV2130;Erikskyst;Erikskyst;Erikskyst;;;;;;;;;;;x
PROV2131;Tapt Ø;Tapt Ø;Tapt Ø;;;;;;;;;;;x
PROV2132;Ile de Brugge;Ile de Brugge;Ile de Brugge;;;;;;;;;;;x
PROV2133;Duvborg;Duvborg;Duvborg;;;;;;;;;;;x
PROV2137;Campo Limpo;Campo Limpo;Campo Limpo;;;;;;;;;;;x
PROV2138;Ponta Grossa;Ponta Grossa;Ponta Grossa;;;;;;;;;;;x
PROV2139;Enseada;Enseada;Enseada;;;;;;;;;;;x
PROV2140;Porto Velho;Porto Velho;Porto Velho;;;;;;;;;;;x
PROV2141;Guaímas;Guaímas;Guaímas;;;;;;;;;;;x
PROV2142;Chiuáua;Chiuáua;Chiuáua;;;;;;;;;;;x
PROV2143;Padre Manuel;Padre Manuel;Padre Manuel;;;;;;;;;;;x
PROV2144;Nossa Senhora do Rio Grande;Nossa Senhora do Rio Grande;Nossa Senhora do Rio Grande;;;;;;;;;;;x
PROV2145;Santo Antônio da Serra;Santo Antônio da Serra;Santo Antônio da Serra;;;;;;;;;;;x
PROV2152;São João dos Montes;São João dos Montes;São João dos Montes;;;;;;;;;;;x
PROV2204;Andagoya City;Andagoyá;Andagoya City;;;;;;;;;;;x
PROV2213;Prøvestenen;Prøvestenen;Prøvestenen;;;;;;;;;;;x
PROV2214;Bergpost;Bergpost;Bergpost;;;;;;;;;;;x
PROV2215;Cape Ajitti;Cape Ajitti;Cape Ajitti;;;;;;;;;;;x
PROV2216;Oppersteina;Oppersteina;Oppersteina;;;;;;;;;;;x
PROV2217;Eendrachtsland;Eendrachtsland;Eendrachtsland;;;;;;;;;;;x
PROV2218;Las Tortugas;Las Tortugas;Las Tortugas;;;;;;;;;;;x
PROV2219;Eleuthera;Eleuthera;Eleuthera;;Eleuthera;;;;;;;;;x;;;;
PROV2220;Lucaya;Lucaya;Lucaya;;Lucaya;;;;;;;;;x;;;;
PROV2222;Righavn;Righavn;Righavn;;;;;;;;;;;x
PROV2223;St. François of Kent;St. François of Kent;St. François of Kent;;;;;;;;;;;x
PROV2224;Monsterrat;Monsterrat;Monsterrat;;;;;;;;;;;x
PROV2225;Larshavn;Larshavn;Larshavn;;;;;;;;;;;x
PROV2226;Georgeville;Georgeville;Georgeville;;;;;;;;;;;x
PROV2227;San Cristóbal y Nieves;San Cristóbal y Nieves;San Cristóbal y Nieves;;;;;;;;;;;x
PROV2229;Neu-Kurland;Neu-Kurland;Neu-Kurland;;;;;;;;;;;x
PROV2230;Gundershavn;Gundershavn;Gundershavn;;;;;;;;;;;x
PROV2231;Sant Jordi;Sant Jordi;Sant Jordi;;;;;;;;;;;x
PROV2233;Swiety Andrzej;Swiety Andrzej;Swiety Andrzej;;;;;;;;;;;x
PROV2235;St. Jean;St. Jean;St. Jean;;;;;;;;;;;x
PROV2236;St.Marguerite;St. Marguerite;St. Marguerite;;;;;;;;;;;x
PROV2244;Isla de Navidad;Isla de Navidad;Isla de Navidad;;;;;;;;;;;x
PROV2306;Rouvres-en-Plaine;Rouvres-en-Plaine;Rouvres-en-Plaine;;;;;;;;;;;x
PROV2310;Tiwanaku;Tiwanaku;Tiwanaku;;;;;;;;;;;x
PROV2316;Guana;Guana;Guana;;;;;;;;;;;x
PROV2317;Machiguenga;Machiguenga;Machiguenga;;;;;;;;;;;x
PROV2318;Ayoreo;Ayoreo;Ayoreo;;;;;;;;;;;x
PROV2319;Beni;Beni;Beni;;;;;;;;;;;x
PROV2320;Piro;Piro;Piro;;;;;;;;;;;x
PROV2321;Yaminanua;Yaminanua;Yaminanua;;;;;;;;;;;x
PROV2323;Sunipacha;Sunipacha;Sunipacha;;;;;;;;;;;x
PROV2324;Mapucho;Mapucho;Mapucho;;;;;;;;;;;x
PROV2325;Uraycusta;Uraycusta;Uraycusta;;;;;;;;;;;x
PROV2326;Quchamama;Quchamama;Quchamama;;;;;;;;;;;x
PROV2328;Urqu;Urqu;Urqu;;;;;;;;;;;x
PROV2333;Watapacha;Watapacha;Watapacha;;;;;;;;;;;x
PROV2334;Mallkipacha;Mallkipacha;Mallkipacha;;;;;;;;;;;x
PROV2335;Manallapa;Manallapa;Manallapa;;;;;;;;;;;x
PROV2337;Mocoví;Mocoví;Mocoví;;;;;;;;;;;x
PROV2338;Chané;Chané;Chané;;;;;;;;;;;x
PROV2339;Riel-les-Eaux;Riel-les-Eaux;Riel-les-Eaux;;;;;;;;;;;x
PROV2340;Confluence;Confluence;Confluence;;;;;;;;;;;x
PROV2341;Massingy;Massingy;Massingy;;;;;;;;;;;x
PROV2342;Rouvray;Rouvray;Rouvray;;;;;;;;;;;x
PROV2343;Ormoy;Ormoy;Ormoy;;;;;;;;;;;x
PROV2344;Charlemagne;Charlemagne;Charlemagne;;;;;;;;;;;x
PROV2345;Delta-Odon;Delta-Odon;Delta-Odon;;;;;;;;;;;x
PROV2346;Vertault;Vertault;Vertault;;;;;;;;;;;x
PROV2347;Uchon;Uchon;Uchon;;;;;;;;;;;x
PROV2348;Camelot;Camelot;Camelot;;;;;;;;;;;x
PROV2349;New Kent;New Kent;New Kent;;;;;;;;;;;x
PROV2350;Edwardia;Edwardia;Edwardia;;;;;;;;;;;x
PROV2351;Ceolwulf;Ceolwulf;Ceolwulf;;;;;;;;;;;x
PROV2352;Seaxburh;Seaxburh;Seaxburh;;;;;;;;;;;x
PROV2353;Æthelwulf;Æthelwulf;Æthelwulf;;;;;;;;;;;x
PROV2354;Cuthred;Cuthred;Cuthred;;;;;;;;;;;x
PROV2355;New London;New London;New London;;;;;;;;;;;x
PROV2356;Montreuillon;Montreuillon;Montreuillon;;;;;;;;;;;x
PROV2357;Saint-Jean-la-Forêt;Saint-Jean-la-Forêt;Saint-Jean-la-Forêt;;;;;;;;;;;x
PROV2358;Bruxelles-sur-Odon;Bruxelles-sur-Odon;Bruxelles-sur-Odon;;;;;;;;;;;x
PROV2359;Outre-Odon;Outre-Odon;Outre-Odon;;;;;;;;;;;x
PROV2360;Montaron;Montaron;Montaron;;;;;;;;;;;x
PROV2361;New Jerusalem;New Jerusalem;New Jerusalem;;;;;;;;;;;x
PROV2362;Eoferwic;Eoferwic;Eoferwic;;;;;;;;;;;x
PROV2363;Birstwith;Birstwith;Birstwith;;;;;;;;;;;x
PROV2364;Bewcastle;Bewcastle;Bewcastle;;;;;;;;;;;x
PROV2365;Penrith;Penrith;Penrith;;;;;;;;;;;x
PROV2366;Wichi;Wichi;Wichi;;;;;;;;;;;x
PROV2367;Enxet;Enxet;Enxet;;;;;;;;;;;x
PROV2368;Puya;Puya;Puya;;;;;;;;;;;x
PROV2372;Tilcara;Tilcara;Tilcara;;;;;;;;;;;x
PROV2376;Hincaster;Hincaster;Hincaster;;;;;;;;;;;x
PROV2377;Cartmel;Cartmel;Cartmel;;;;;;;;;;;x
PROV2378;Furness;Furness;Furness;;;;;;;;;;;x
PROV2379;Sharow;Sharow;Sharow;;;;;;;;;;;x
PROV2380;Hemingbrough;Hemingbrough;Hemingbrough;;;;;;;;;;;x
PROV2381;Risplith;Risplith;Risplith;;;;;;;;;;;x
PROV2382;Kettlewell;Kettlewell;Kettlewell;;;;;;;;;;;x
PROV2383;Osmotherley;Osmotherley;Osmotherley;;;;;;;;;;;x
PROV2384;Ryedale;Ryedale;Ryedale;;;;;;;;;;;x
PROV2385;Pucara;Pucara;Pucara;;;;;;;;;;;x
PROV2386;Ebberston;Ebberston;Ebberston;;;;;;;;;;;x
PROV2387;Chilecito;Chilecito;Chilecito;;;;;;;;;;;x
PROV2389;Kuchichay;Kuchichay;Kuchichay;;;;;;;;;;;x
PROV2390;Camblesforth;Camblesforth;Camblesforth;;;;;;;;;;;x
PROV2391;Ireleth;Ireleth;Ireleth;;;;;;;;;;;x
PROV2392;Crummock;Crummock;Crummock;;;;;;;;;;;x
PROV2393;Beorhtric;Beorhtric;Beorhtric;;;;;;;;;;;x
PROV2394;Fenton;Fenton;Fenton;;;;;;;;;;;x
PROV2395;Staithes;Staithes;Staithes;;;;;;;;;;;x
PROV2396;Salkeld;Salkeld;Salkeld;;;;;;;;;;;x
PROV2397;Whitehaven;Whitehaven;Whitehaven;;;;;;;;;;;x
PROV2398;Barren;Barren;Barren;;;;;;;;;;;x
PROV2399;Skitby;Skitby;Skitby;;;;;;;;;;;x
PROV2400;Land's End;Land's End;Land's End;;;;;;;;;;;x
PROV2402;Pasé;Pasé;Pasé;;;;;;;;;;;x
PROV2403;Yagua;Yagua;Yagua;;;;;;;;;;;x
PROV2404;Matis;Matis;Matis;;;;;;;;;;;x
PROV2405;Tapajo;Tapajo;Tapajo;;;;;;;;;;;x
PROV2406;Islas Cocos;Islas Cocos;Islas Cocos;;;;;;;;;;;x
PROV2407;Mayoruna;Mayoruna;Mayoruna;;;;;;;;;;;x
PROV2409;São Vicente;São Vicente;São Vicente;;;;;;;;;;;x
PROV2410;Bethléem;Bethléem;Bethléem;;;;;;;;;;;x
PROV2411;Xingu;Xingu;Xingu;;;;;;;;;;;x
PROV2413;Jouruna;Jouruna;Jouruna;;;;;;;;;;;x
PROV2416;Sanapana;Sanapana;Sanapana;;;;;;;;;;;x
PROV2417;Iaco;Iaco;Iaco;;;;;;;;;;;x
PROV2418;Canamari;Canamari;Canamari;;;;;;;;;;;x
PROV2419;Fort-le-Duc;Fort-le-Duc;Fort-le-Duc;;;;;;;;;;;x
PROV2420;Fontenoy;Fontenoy;Fontenoy;;;;;;;;;;;x
PROV2421;Vaura;Vaura;Vaura;;;;;;;;;;;x
PROV2422;Monts Indiens;Monts Indiens;Monts Indiens;;;;;;;;;;;x
PROV2423;Villefranche d'Amazonie;Villefranche d'Amazonie;Villefranche d'Amazonie;;;;;;;;;;;x
PROV2424;Saint Georges;Saint Georges;Saint Georges;;;;;;;;;;;x
PROV2425;Plateau St Louis;Plateau St Louis;Plateau St Louis;;;;;;;;;;;x
PROV2426;Rives-Brunes;Rives-Brunes;Rives-Brunes;;;;;;;;;;;x
PROV2427;Mission Françiscaine;Mission Françiscaine;Mission Françiscaine;;;;;;;;;;;x
PROV2428;Saint-Floret;Saint-Floret;Saint-Floret;;;;;;;;;;;x
PROV2429;Charroux;Charroux;Charroux;;;;;;;;;;;x
PROV2430;Pradelles;Pradelles;Pradelles;;;;;;;;;;;x
PROV2431;Port Liberté;Port Liberté;Port Liberté;;;;;;;;;;;x
PROV2432;Le Faou;Le Faou;Le Faou;;;;;;;;;;;x
PROV2433;Mont-Peyroux;Mont-Peyroux;Mont-Peyroux;;;;;;;;;;;x
PROV2434;Locronan;Locronan;Locronan;;;;;;;;;;;x
PROV2435;Delta-Joseph;Delta-Joseph;Delta-Joseph;;;;;;;;;;;x
PROV2436;Port Sucre;Port Sucre;Port Sucre;;;;;;;;;;;x
PROV2437;Vallée Joseph;Vallée Joseph;Vallée Joseph;;;;;;;;;;;x
PROV2438;Castel-Royal;Castel-Royal;Castel-Royal;;;;;;;;;;;x
PROV2439;Nouvelle Aquitaine;Nouvelle Aquitaine;Nouvelle Aquitaine;;;;;;;;;;;x
PROV2440;Mont Putois;Mont Putois;Mont Putois;;;;;;;;;;;x
PROV2441;Sainte Geneviève;Sainte Geneviève;Sainte Geneviève;;;;;;;;;;;x
PROV2442;Cytère;Cytère;Cytère;;;;;;;;;;;x
PROV2443;Monts Noirs;Monts Noirs;Monts Noirs;;;;;;;;;;;x
PROV2444;Paraquatou;Paraquatou;Paraquatou;;;;;;;;;;;x
PROV2445;Anzy-le-Duc;Anzy-le-Duc;Anzy-le-Duc;;;;;;;;;;;x
PROV2446;Libreville;Libreville;Libreville;;;;;;;;;;;x
PROV2447;Nouvelle Amsterdam;Nouvelle Amsterdam;Nouvelle Amsterdam;;;;;;;;;;;x
PROV2448;Cap-Lenotre;Cap-Lenotre;Cap-Lenotre;;;;;;;;;;;x
PROV2449;Victoire;Victoire;Victoire;;;;;;;;;;;x
PROV2450;Saxi-Bourdon;Saxi-Bourdon;Saxi-Bourdon;;;;;;;;;;;x
PROV2451;Varennes-les-Amériques;Varennes-les-Amériques;Varennes-les-Amériques;;;;;;;;;;;x
PROV2452;Parigny-les-Vaux;Parigny-les-Vaux;Parigny-les-Vaux;;;;;;;;;;;x
PROV2453;Villeblevin;Villeblevin;Villeblevin;;;;;;;;;;;x
PROV2455;Sainte-Marie-la-Blanche;Sainte-Marie-la-Blanche;Sainte-Marie-la-Blanche;;;;;;;;;;;x
PROV2456;Flavignerot;Flavignerot;Flavignerot;;;;;;;;;;;x
PROV2457;Isenay;Isenay;Isenay;;;;;;;;;;;x
PROV2458;Sermoise-sur-Odon;Sermoise-sur-Odon;Sermoise-sur-Odon;;;;;;;;;;;x
PROV2459;Hauteroche;Hauteroche;Hauteroche;;;;;;;;;;;x
PROV2460;Virey-le-Grand;Virey-le-Grand;Virey-le-Grand;;;;;;;;;;;x
PROV2461;Domecy-sur-Odon;Domecy-sur-Odon;Domecy-sur-Odon;;;;;;;;;;;x
PROV2462;Dracy-le-Fort;Dracy-le-Fort;Dracy-le-Fort;;;;;;;;;;;x
PROV2463;Fort Lothère;Fort Lothère;Fort Lothère;;;;;;;;;;;x
PROV2464;Jouancy;Jouancy;Jouancy;;;;;;;;;;;x
PROV2465;Vauclaix;Vauclaix;Vauclaix;;;;;;;;;;;x
PROV2466;Villemanoche;Villemanoche;Villemanoche;;;;;;;;;;;x
PROV2467;Gergueil;Gergueil;Gergueil;;;;;;;;;;;x
PROV2468;Zheng He;Zheng He;Zheng He;;;;;;;;;;;x
PROV2469;Rongzhou;Rongzhou;Rongzhou;;;;;;;;;;;x
PROV2470;Rongshan;Rongshan;Rongshan;;;;;;;;;;;x
PROV2471;Cangwuye;Cangwuye;Cangwuye;;;;;;;;;;;x
PROV2472;Nanshan;Nanshan;Nanshan;;;;;;;;;;;x
PROV2474;Hualien;Hualien;Hualien;;;;;;;;;;;x
PROV2475;Taitung;Taitung;Taitung;;;;;;;;;;;x
PROV2476;Qingshui;Qingshui;Qingshui;;;;;;;;;;;x
PROV2478;Liusha;Liusha;Liusha;;;;;;;;;;;x
PROV2479;Guanzhou;Guanzhou;Guanzhou;;;;;;;;;;;x
PROV2480;Heishui;Heishui;Heishui;;;;;;;;;;;x
PROV2481;Guangling;Guangling;Guangling;;;;;;;;;;;x
PROV2482;Parlevar;Parlevar;Parlevar;;;;;;;;;;;x
PROV2483;Weizhou;Weizhou;Weizhou;;;;;;;;;;;x
PROV2484;Butingshan;Butingshan;Butingshan;;;;;;;;;;;x
PROV2485;Pusen;Pusen;Pusen;;;;;;;;;;;x
PROV2487;Bozhou;Bozhou;Bozhou;;;;;;;;;;;x
PROV2488;Azhou;Azhou;Azhou;;;;;;;;;;;x
PROV2489;Hsinchu;Hsinchu;Hsinchu;;;;;;;;;;;x
PROV2490;Yilan;Yilan;Yilan;;;;;;;;;;;x
PROV2491;Penghu;Penghu;Penghu;;;;;;;;;;;x
PROV2492;Lienchiang;Lienchiang;Lienchiang;;;;;;;;;;;x
PROV2493;Yongjia;Yongjia;Yongjia;;;;;;;;;;;x
PROV2494;Kinmen;Kinmen;Kinmen;;;;;;;;;;;x
PROV2497;Noongar;Noongar;Noongar;;;;;;;;;;;x
PROV2499;Mawarra;Mawarra;Mawarra;;;;;;;;;;;x
PROV2501;Ngaanyatjarra;Ngaanyatjarra;Ngaanyatjarra;;;;;;;;;;;x
PROV2502;Kutyukutyu;Kutyukutyu;Kutyukutyu;;;;;;;;;;;x
PROV2503;Arramagong;Arramagong;Arramagong;;;;;;;;;;;x
PROV2504;Wambangalang;Wambangalang;Wambangalang;;;;;;;;;;;x
PROV2505;Yolngu;Yolngu;Yolngu;;;;;;;;;;;x
PROV2506;Mulwala;Mulwala;Mulwala;;;;;;;;;;;x
PROV2507;Kangamarru;Kangamarru;Kangamarru;;;;;;;;;;;x
PROV2508;Makariri;Makariri;Makariri;;;;;;;;;;;x
PROV2509;Whangarei;Whangarei;Whangarei;;;;;;;;;;;x
PROV2510;Taranaki;Taranaki;Taranaki;;;;;;;;;;;x
PROV2511;Raukumara;Raukumara;Raukumara;;;;;;;;;;;x
PROV2512;Manawatu;Manawatu;Manawatu;;;;;;;;;;;x
PROV2513;Otago;Otago;Otago;;;;;;;;;;;x
PROV2515;Timaru;Timaru;Timaru;;;;;;;;;;;x
PROV2516;Motueka;Motueka;Motueka;;;;;;;;;;;x
PROV2522;Aorokin;Aorokin;Aorokin;;;;;;;;;;;x
PROV2524;Enenkio;Enenkio;Enenkio;;;;;;;;;;;x
PROV2525;Minamitorishima;Minamitorishima;Minamitorishima;;;;;;;;;;;x
PROV2526;Kaula;Kaula;Kaula;;;;;;;;;;;x
PROV2527;Tungaru;Tungaru;Tungaru;;;;;;;;;;;x
PROV2528;Motu Kotaibu;Motu Kotaibu;Motu Kotaibu;;;;;;;;;;;x
PROV2534;Honiara;Honiara;Honiara;;;;;;;;;;;x
PROV2535;Vanuatu;Vanuatu;Vanuatu;;;;;;;;;;;x
PROV2536;Temotu;Temotu;Temotu;;;;;;;;;;;x
PROV2537;Kokopo;Kokopo;Kokopo;;;;;;;;;;;x
PROV2539;Arawa;Arawa;Arawa;;;;;;;;;;;x
PROV2541;Tuvalu;Tuvalu;Tuvalu;;;;;;;;;;;x
PROV2542;Uvea Futuna;Uvea Futuna;Uvea Futuna;;;;;;;;;;;x
PROV2549;Marubo;Marubo;Marubo;;;;;;;;;;;x
PROV2550;Sharanahua;Sharanahua;Sharanahua;;;;;;;;;;;x
PROV2551;Te Henua;Te Henua;Te Henua;;;;;;;;;;;x
PROV2552;Oeno;Oeno;Oeno;;;;;;;;;;;x
PROV2554;Bois-les-Fleuves;Bois-les-Fleuves;Bois-les-Fleuves;;;;;;;;;;;x
PROV2555;Guéron;Guéron;Guéron;;;;;;;;;;;x
PROV2556;Montagnes Enfumées;Montagnes Enfumées;Montagnes Enfumées;;;;;;;;;;;x
PROV2573;Mboul;Mboul;Mboul;;;;;;;;;;;x
PROV2586;Rub' al Khali;Rub' al Khali;Rub' al Khali;;;;;;;;;;;;x
PROV2591;Al Hasakah;Al Hasakah;Al Hasakah;;;;;;;;;;;x
PROV2592;Blikberget;Blikberget;Blikberget;;;;;;;;;;;x
PROV2593;Tollvik;Tollvik;Tollvik;;;;;;;;;;;x
PROV2594;Reykjanesbær;Reykjanesbær;Reykjanesbær;;;;;;;;;;;x
PROV2596;Granvik;Granvik;Granvik;;;;;;;;;;;x
PROV2597;Xindu;Xindu;Xindu;;;;;;;;;;;x
PROV2598;Takikawa;Takikawa;Takikawa;;;;;;;;;;;x
PROV2599;Ichinomiya;Ichinomiya;Ichinomiya;;;;;;;;;;;x
PROV2600;Shipaya;Shipaya;Shipaya;;;;;;;;;;;x
PROV2601;Pitjantjatjara;Pitjantjatjara;Pitjantjatjara;;;;;;;;;;;x
PROV2602;Coomalong;Coomalong;Coomalong;;;;;;;;;;;x
PROV2604;Wencheng;Wencheng;Wencheng;;;;;;;;;;;x
PROV2605;Yankunytjatjara;Yankunytjatjara;Yankunytjatjara;;;;;;;;;;;x
PROV2614;Debar;Debar;Debar;;;;;;;;;;;x
PROV2615;Enets;Enets;Enets;;;;;;;;;;;x
PROV2619;Yana;Yana;Yana;;;;;;;;;;;x
PROV2623;Pihemanu;Pihemanu;Pihemanu;;;;;;;;;;;x
PROV2625;Bjørnkøping;Bjørnkøping;Bjørnkøping;;;;;;;;;;;x
PROV2626;Saltberg;Saltberg;Saltberg;;;;;;;;;;;x
PROV2627;Stugvall;Stugvall;Stugvall;;;;;;;;;;;x
PROV2628;Brennervik;Brennervik;Brennervik;;;;;;;;;;;x
PROV2629;Luxiang;Luxiang;Luxiang;;;;;;;;;;;x
PROV2630;Sueyoshi;Sueyoshi;Sueyoshi;;;;;;;;;;;x
PROV2631;Tosayamada;Tosayamada;Tosayamada;;;;;;;;;;;x
PROV2636;Dunkerque;Dunkerque;Dunkerque;;;;;;;;;;;x
PROV2644;Ducher;Ducher;Ducher;;;;;;;;;;;x
PROV2647;Oloqen;Oloqen;Oloqen;;;;;;;;;;;x
PROV2648;Nanai;Nanai;Nanai;;;;;;;;;;;x
PROV2649;Kumis;Kumis;Kumis;;;;;;;;;;;x
PROV2651;Shiwei;Shiwei;Shiwei;;;;;;;;;;;x
PROV2653;Sakha;Sakha;Sakha;;;;;;;;;;;x
PROV2657;Koibal;Koibal;Koibal;;;;;;;;;;;x
PROV2659;Nenets;Nenets;Nenets;;;;;;;;;;;x
PROV2668;Negidal;Negidal;Negidal;;;;;;;;;;;x
PROV2671;Daur;Daur;Daur;;;;;;;;;;;x
PROV2672;Udege;Udege;Udege;;;;;;;;;;;x
PROV2673;Olkhan;Olkhan;Olkhan;;;;;;;;;;;x
PROV2675;Eventi;Eventi;Eventi;;;;;;;;;;;x
PROV2676;Ulan-Ude;Ulan-Ude;Ulan-Ude;;;;;;;;;;;x
PROV2680;Nganasan;Nganasan;Nganasan;;;;;;;;;;;x
PROV2682;Narim;Narim;Narim;;;;;;;;;;;x
PROV2690;Sorgit;Sorgit;Sorgit;;;;;;;;;;;x
PROV2691;Anatri;Anatri;Anatri;;;;;;;;;;;x
PROV2692;Anatjenci;Anatjenci;Anatjenci;;;;;;;;;;;x
PROV2694;Kets;Kets;Kets;;;;;;;;;;;x
PROV2698;Anchimha;Anchimha;Anchimha;;;;;;;;;;;x
PROV2724;Pas de Calais;Pas de Calais;Pas de Calais;;;;;;;;;;;x
PROV2725;La Manche;La Manche;La Manche;;;;;;;;;;;x
PROV2747;Gulf of Almería;Gulf of Almería;Gulf of Almería;;;;;;;;;;;x
PROV2750;Côte d'Azur;Côte d'Azur;Cöte d'Azur;;;;;;;;;;;x
PROV2869;Great Zuharran Bight;Great Zuharran Bight;Great Zuharran Bight;;;;;;;;;;;x
PROV2936;Marklandstredet;Marklandstredet;Marklandstredet;;;;;;;;;;;x
PROV2937;Nordishavet;Nordishavet;Nordishavet;;;;;;;;;;;x
PROV2938;Storøstredet;Storøstredet;Storøstredet;;;;;;;;;;;x
PROV2939;Tollvikgolfen;Tollvikgolfen;Tollvikgolfen;;;;;;;;;;;x
PROV2940;Kilengolfen;Kilengolfen;Kilengolfen;;;;;;;;;;;x
PROV2941;Kysten av Markland;Kysten av Markland;Kysten av Markland;;;;;;;;;;;x
PROV2942;Kysten av Fjellmoen;Kysten av Fjellmoen;Kysten av Fjellmoen;;;;;;;;;;;x
PROV2943;Kronegolfen;Kronegolfen;Kronegolfen;;;;;;;;;;;x
PROV2944;Erikstredet;Erikstredet;Erikstredet;;;;;;;;;;;x
PROV2945;Væstersundbukten;Væstersundbukten;Væstersundbukten;;;;;;;;;;;x
PROV2946;Bjørkvikstredet;Bjørkvikstredet;Bjørkvikstredet;;;;;;;;;;;x
PROV2947;Kysten av Holmeborg;Kysten av Holmeborg;Kysten av Holmeborg;;;;;;;;;;;x
PROV2948;Kysten av Bjørkvik;Kysten av Bjørkvik;Kysten av Bjørkvik;;;;;;;;;;;x
PROV2952;Baie de Philippe;Baie de Philippe;Baie de Philippe;;;;;;;;;;;x
PROV2953;Baie de la Nouvelle Flandre;Baie de la Nouvelle Flandre;Baie de la Nouvelle Flandre;;;;;;;;;;;x
PROV2954;Cap Funeste;Cap Funeste;Cap Funeste;;;;;;;;;;;x
PROV2955;Côte Léonienne;Côte Léonienne;Côte Léonienne;;;;;;;;;;;x
PROV2958;Stretti della Athesia;Stretti della Athesia;Stretti della Athesia;;;;;;;;;;;x
PROV2959;Baia de San Marco;Baia de San Marco;Baia de San Marco;;;;;;;;;;;x
PROV2960;Baie de la Nouvelle-France;Baie de la Nouvelle-France;Baie de la Nouvelle-France;;;;;;;;;;;x
PROV2982;Golfe d'Amazonie;Golfe d'Amazonie;Golfe d'Amazonie;;;;;;;;;;;x
PROV2983;Côte Antarctique;Côte Antarctique;Côte Antarctique;;;;;;;;;;;x
PROV2984;Côte du Faou;Côte du Faou;Côte du Faou;;;;;;;;;;;x
PROV2985;Côte du Sucre;Côte du Sucre;Côte du Sucre;;;;;;;;;;;x
PROV2986;Côte du Café;Côte du Café;Côte du Café;;;;;;;;;;;x
PROV2987;Baie de Marie;Baie de Marie;Baie de Marie;;;;;;;;;;;x
PROV2988;Lagon des Canards;Lagon des Canards;Lagon des Canards;;;;;;;;;;;x
PROV2989;Rivière d'Argent;Rivière d'Argent;Rivière d'Argent;;;;;;;;;;;x
PROV2990;White Bay;White Bay;White Bay;;;;;;;;;;;x
PROV2301;Urubamba;Urubamba;Urubamba;;;;;;;;;;;x
PROV3001;Gulf of Andagoya;Golfe de Andagoya;Golf von Andagoya;;;;;;;;;;;x
PROV3009;Qingqiu haiàn;Qingqiu haiàn;Qingqiu haiàn;;;;;;;;;;;x
PROV3010;Qizhou haiàn;Qizhou haiàn;Qizhou haiàn;;;;;;;;;;;x
PROV3011;Dingguo haiàn;Dingguo haiàn;Dingguo haiàn;;;;;;;;;;;x
PROV3012;Rongzhou haiàn;Rongzhou haiàn;Rongzhou haiàn;;;;;;;;;;;x
PROV3013;Kita-Wan;Kita-Wan;Kita-Wan;;;;;;;;;;;x
PROV3014;Kuma No Kaigan;Kuma No Kaigan;Kuma No Kaigan;;;;;;;;;;;x
PROV3015;Shiru No Kaigan;Shiru No Kaigan;Shiru No Kaigan;;;;;;;;;;;x
PROV3022;Kysten av Vinland;Kysten av Vinland;Kysten av Vinland;;;;;;;;;;;x
PROV3088;South Zuharran Basin;South Zuharran Basin;South Zuharran Basin;;;;;;;;;;;x
PROV3112;Lac Skanadario;Lac Skanadario;Lac Skanadario;;;;;;;;;;;x
PROV3113;Margaretasjø;Margaretasjø;Margaretasjø;;;;;;;;;;;x
PROV3114;Þórisvatn;Þórisvatn;Þórisvatn;;;;;;;;;;;x
PROV3115;Flåttsjø;Flåttsjø;Flåttsjø;;;;;;;;;;;x
PROV3116;Øverlægsnasjøn;Øverlægsnasjøn;Øverlægsnasjøn;;;;;;;;;;;x
PROV3118;Finnjøn;Finnjøn;Finnjøn;;;;;;;;;;;x
PROV3225;Dà yánhú;Dà yánhú;Dà yánhú;;;;;;;;;;;x
PROV3226;South Zuharran Plain;South Zuharran Plain;South Zuharran Plain;;;;;;;;;;;x
PROV3227;Lillehavet;Lillehavet;Lillehavet;;;;;;;;;;;x
PROV3228;Blåsjøn;Blåsjøn;Blåsjøn;;;;;;;;;;;x
PROV3229;Laki;Laki;Laki;;;;;;;;;;;x
PROV3239;Lac Charles;Lac Charles;Lac Charles;;;;;;;;;;;x
PROV3247;West Hawaii;Hawaii ouest;West-Hawaii;;;;;;;;;;;x;;
PROV3248;West Magellan Strait;Ouest du détroit de Magellan;Westliche Magellanstraße;;;;;;;;;;;x;;
